{
  "_fv": 39,
  "_type": "gui",
  "definition": {
    "type": 0,
    "width": 176,
    "height": 166,
    "inventoryOffsetX": 0,
    "inventoryOffsetY": 0,
    "renderBgLayer": true,
    "doesPauseGame": false,
    "components": [
      {
        "type": "button",
        "data": {
          "name": "button_2",
          "text": "2",
          "onClick": {
            "name": "Transfer2"
          },
          "width": 30,
          "height": 20,
          "x": 166,
          "y": 17
        }
      },
      {
        "type": "button",
        "data": {
          "name": "button_3",
          "text": "3",
          "onClick": {
            "name": "Transfer3"
          },
          "width": 30,
          "height": 20,
          "x": 196,
          "y": 17
        }
      },
      {
        "type": "button",
        "data": {
          "name": "button_4",
          "text": "4",
          "onClick": {
            "name": "Transfer4"
          },
          "width": 30,
          "height": 20,
          "x": 226,
          "y": 17
        }
      },
      {
        "type": "label",
        "data": {
          "name": "label_hypixel",
          "text": {
            "fixedValue": "Hypixel"
          },
          "color": {
            "value": -12829636,
            "falpha": 0.0
          },
          "x": 136,
          "y": 62
        }
      },
      {
        "type": "textfield",
        "data": {
          "placeholder": "mc.hypixel.net",
          "name": "hypixel",
          "width": 120,
          "height": 20,
          "x": 136,
          "y": 71
        }
      },
      {
        "type": "label",
        "data": {
          "name": "label_minigames",
          "text": {
            "fixedValue": "Minigames"
          },
          "color": {
            "value": -12829636,
            "falpha": 0.0
          },
          "x": 136,
          "y": 44
        }
      },
      {
        "type": "label",
        "data": {
          "name": "label_cubecraft",
          "text": {
            "fixedValue": "Cubecraft"
          },
          "color": {
            "value": -12829636,
            "falpha": 0.0
          },
          "x": 136,
          "y": 98
        }
      },
      {
        "type": "textfield",
        "data": {
          "placeholder": "play.cubecraft.net",
          "name": "cubecraft",
          "width": 120,
          "height": 20,
          "x": 136,
          "y": 107
        }
      },
      {
        "type": "label",
        "data": {
          "name": "label_mineplex",
          "text": {
            "fixedValue": "Mineplex"
          },
          "color": {
            "value": -12829636,
            "falpha": 0.0
          },
          "x": 136,
          "y": 134
        }
      },
      {
        "type": "textfield",
        "data": {
          "placeholder": "us.mineplex.com",
          "name": "mineplex",
          "width": 120,
          "height": 20,
          "x": 136,
          "y": 143
        }
      }
    ],
    "onOpen": {
      "name": "Tick"
    },
    "gridSettings": {
      "sx": 20,
      "sy": 18,
      "ox": 11,
      "oy": 15,
      "snapOnGrid": true
    }
  }
}