{
  "_fv": 39,
  "_type": "gui",
  "definition": {
    "type": 0,
    "width": 176,
    "height": 166,
    "inventoryOffsetX": 0,
    "inventoryOffsetY": 0,
    "renderBgLayer": true,
    "doesPauseGame": false,
    "components": [
      {
        "type": "button",
        "data": {
          "name": "button_1",
          "text": "1",
          "onClick": {
            "name": "Transfer1"
          },
          "width": 30,
          "height": 20,
          "x": 136,
          "y": 17
        }
      },
      {
        "type": "button",
        "data": {
          "name": "button_2",
          "text": "2",
          "onClick": {
            "name": "Transfer2"
          },
          "width": 30,
          "height": 20,
          "x": 166,
          "y": 17
        }
      },
      {
        "type": "button",
        "data": {
          "name": "button_4",
          "text": "4",
          "onClick": {
            "name": "Transfer4"
          },
          "width": 30,
          "height": 20,
          "x": 226,
          "y": 17
        }
      },
      {
        "type": "label",
        "data": {
          "name": "label_survival",
          "text": {
            "fixedValue": "Survival"
          },
          "color": {
            "value": -12829636,
            "falpha": 0.0
          },
          "x": 136,
          "y": 44
        }
      }
    ],
    "onOpen": {
      "name": "Tick"
    },
    "gridSettings": {
      "sx": 20,
      "sy": 18,
      "ox": 11,
      "oy": 15,
      "snapOnGrid": true
    }
  }
}