{
  "_fv": 39,
  "_type": "gui",
  "definition": {
    "type": 0,
    "width": 176,
    "height": 166,
    "inventoryOffsetX": 0,
    "inventoryOffsetY": 0,
    "renderBgLayer": true,
    "doesPauseGame": false,
    "components": [
      {
        "type": "button",
        "data": {
          "name": "button_1",
          "text": "1",
          "onClick": {
            "name": "Transfer1"
          },
          "width": 30,
          "height": 20,
          "x": 136,
          "y": 17
        }
      },
      {
        "type": "button",
        "data": {
          "name": "button_3",
          "text": "3",
          "onClick": {
            "name": "Transfer3"
          },
          "width": 30,
          "height": 20,
          "x": 196,
          "y": 17
        }
      },
      {
        "type": "button",
        "data": {
          "name": "button_4",
          "text": "4",
          "onClick": {
            "name": "Transfer4"
          },
          "width": 30,
          "height": 20,
          "x": 226,
          "y": 17
        }
      },
      {
        "type": "label",
        "data": {
          "name": "label_pvp",
          "text": {
            "fixedValue": "PVP"
          },
          "color": {
            "value": -12829636,
            "falpha": 0.0
          },
          "x": 136,
          "y": 44
        }
      },
      {
        "type": "label",
        "data": {
          "name": "label_pvp_legacy",
          "text": {
            "fixedValue": "PVP Legacy"
          },
          "color": {
            "value": -12829636,
            "falpha": 0.0
          },
          "x": 136,
          "y": 62
        }
      },
      {
        "type": "textfield",
        "data": {
          "placeholder": "play.pvplegacy.net",
          "name": "pvp_legacy",
          "width": 120,
          "height": 20,
          "x": 136,
          "y": 71
        }
      },
      {
        "type": "label",
        "data": {
          "name": "label_minemen",
          "text": {
            "fixedValue": "Minemen"
          },
          "color": {
            "value": -12829636,
            "falpha": 0.0
          },
          "x": 136,
          "y": 98
        }
      },
      {
        "type": "textfield",
        "data": {
          "placeholder": "mineman.club",
          "name": "minemen",
          "width": 120,
          "height": 20,
          "x": 136,
          "y": 107
        }
      }
    ],
    "onOpen": {
      "name": "Tick"
    },
    "gridSettings": {
      "sx": 20,
      "sy": 18,
      "ox": 11,
      "oy": 15,
      "snapOnGrid": true
    }
  }
}